{
  "experiment": "train_augmented__test_B75",
  "model": "HierarchicalCNN",
  "stage1": {
    "mean_accuracy": 0.8634560020280722,
    "std_accuracy": 0.014756155022201381,
    "mean_f1_macro": 0.8259294145757302,
    "std_f1_macro": 0.020868423163248835
  },
  "stage2": {
    "mean_accuracy": 0.844946025515211,
    "std_accuracy": 0.013621630888882567,
    "mean_f1_macro": 0.4091267268916617,
    "std_f1_macro": 0.08637831981120837
  },
  "folds": [
    {
      "fold": 0,
      "stage1": {
        "accuracy": 0.8829888712241654,
        "f1_macro": 0.8530796205479327
      },
      "stage2": {
        "accuracy": 0.8282630029440629,
        "f1_macro": 0.32050325251017564,
        "report": "              precision    recall  f1-score   support\n\n      Piston       0.00      0.00      0.00        38\n   Turboprop       0.62      0.27      0.38       149\n    Turbofan       0.84      0.98      0.91       820\n  Turboshaft       0.00      0.00      0.00        12\n\n    accuracy                           0.83      1019\n   macro avg       0.37      0.31      0.32      1019\nweighted avg       0.77      0.83      0.78      1019\n",
        "confusion_matrix": [
          [
            0,
            8,
            30,
            0
          ],
          [
            1,
            40,
            108,
            0
          ],
          [
            0,
            16,
            804,
            0
          ],
          [
            0,
            0,
            12,
            0
          ]
        ],
        "labels": [
          "Piston",
          "Turboprop",
          "Turbofan",
          "Turboshaft"
        ]
      }
    },
    {
      "fold": 1,
      "stage1": {
        "accuracy": 0.8600508905852418,
        "f1_macro": 0.8223736112024194
      },
      "stage2": {
        "accuracy": 0.844946025515211,
        "f1_macro": 0.38062891085258016,
        "report": "              precision    recall  f1-score   support\n\n      Piston       0.50      0.08      0.14        38\n   Turboprop       0.77      0.34      0.47       150\n    Turbofan       0.85      0.99      0.91       819\n  Turboshaft       0.00      0.00      0.00        12\n\n    accuracy                           0.84      1019\n   macro avg       0.53      0.35      0.38      1019\nweighted avg       0.82      0.84      0.81      1019\n",
        "confusion_matrix": [
          [
            3,
            5,
            30,
            0
          ],
          [
            1,
            51,
            98,
            0
          ],
          [
            2,
            10,
            807,
            0
          ],
          [
            0,
            0,
            12,
            0
          ]
        ],
        "labels": [
          "Piston",
          "Turboprop",
          "Turbofan",
          "Turboshaft"
        ]
      }
    },
    {
      "fold": 2,
      "stage1": {
        "accuracy": 0.8473282442748091,
        "f1_macro": 0.8023350119768384
      },
      "stage2": {
        "accuracy": 0.8616290480863592,
        "f1_macro": 0.5262480173122293,
        "report": "              precision    recall  f1-score   support\n\n      Piston       0.62      0.21      0.31        38\n   Turboprop       0.65      0.52      0.58       150\n    Turbofan       0.89      0.96      0.93       819\n  Turboshaft       1.00      0.17      0.29        12\n\n    accuracy                           0.86      1019\n   macro avg       0.79      0.47      0.53      1019\nweighted avg       0.85      0.86      0.85      1019\n",
        "confusion_matrix": [
          [
            8,
            13,
            17,
            0
          ],
          [
            4,
            78,
            68,
            0
          ],
          [
            1,
            28,
            790,
            0
          ],
          [
            0,
            1,
            9,
            2
          ]
        ],
        "labels": [
          "Piston",
          "Turboprop",
          "Turbofan",
          "Turboshaft"
        ]
      }
    }
  ]
}