{
  "experiment": "train_clean__test_B75",
  "model": "HierarchicalCNN",
  "stage1": {
    "mean_accuracy": 0.7562797080870722,
    "std_accuracy": 0.010814550008218187,
    "mean_f1_macro": 0.6411075251471675,
    "std_f1_macro": 0.02577724657825571
  },
  "stage2": {
    "mean_accuracy": 0.804710500490677,
    "std_accuracy": 0.044418252298579056,
    "mean_f1_macro": 0.3704711677270571,
    "std_f1_macro": 0.027747097945541196
  },
  "folds": [
    {
      "fold": 0,
      "stage1": {
        "accuracy": 0.7697933227344992,
        "f1_macro": 0.6687477887229526
      },
      "stage2": {
        "accuracy": 0.8370951913640824,
        "f1_macro": 0.35921649958691415,
        "report": "              precision    recall  f1-score   support\n\n      Piston       0.00      0.00      0.00        38\n   Turboprop       0.58      0.48      0.53       149\n    Turbofan       0.87      0.95      0.91       820\n  Turboshaft       0.00      0.00      0.00        12\n\n    accuracy                           0.84      1019\n   macro avg       0.36      0.36      0.36      1019\nweighted avg       0.79      0.84      0.81      1019\n",
        "confusion_matrix": [
          [
            0,
            10,
            28,
            0
          ],
          [
            0,
            72,
            77,
            0
          ],
          [
            0,
            39,
            781,
            0
          ],
          [
            0,
            4,
            8,
            0
          ]
        ],
        "labels": [
          "Piston",
          "Turboprop",
          "Turbofan",
          "Turboshaft"
        ]
      }
    },
    {
      "fold": 1,
      "stage1": {
        "accuracy": 0.7433206106870229,
        "f1_macro": 0.6067031388469022
      },
      "stage2": {
        "accuracy": 0.8351324828263003,
        "f1_macro": 0.4086538623448268,
        "report": "              precision    recall  f1-score   support\n\n      Piston       0.18      0.05      0.08        38\n   Turboprop       0.65      0.39      0.49       150\n    Turbofan       0.86      0.96      0.91       819\n  Turboshaft       1.00      0.08      0.15        12\n\n    accuracy                           0.84      1019\n   macro avg       0.67      0.37      0.41      1019\nweighted avg       0.81      0.84      0.81      1019\n",
        "confusion_matrix": [
          [
            2,
            9,
            27,
            0
          ],
          [
            2,
            59,
            89,
            0
          ],
          [
            7,
            23,
            789,
            0
          ],
          [
            0,
            0,
            11,
            1
          ]
        ],
        "labels": [
          "Piston",
          "Turboprop",
          "Turbofan",
          "Turboshaft"
        ]
      }
    },
    {
      "fold": 2,
      "stage1": {
        "accuracy": 0.7557251908396947,
        "f1_macro": 0.6478716478716479
      },
      "stage2": {
        "accuracy": 0.7419038272816487,
        "f1_macro": 0.3435431412494305,
        "report": "              precision    recall  f1-score   support\n\n      Piston       0.08      0.29      0.13        38\n   Turboprop       0.49      0.31      0.38       150\n    Turbofan       0.88      0.85      0.87       819\n  Turboshaft       0.00      0.00      0.00        12\n\n    accuracy                           0.74      1019\n   macro avg       0.36      0.36      0.34      1019\nweighted avg       0.78      0.74      0.76      1019\n",
        "confusion_matrix": [
          [
            11,
            13,
            14,
            0
          ],
          [
            30,
            46,
            74,
            0
          ],
          [
            89,
            31,
            699,
            0
          ],
          [
            0,
            4,
            8,
            0
          ]
        ],
        "labels": [
          "Piston",
          "Turboprop",
          "Turbofan",
          "Turboshaft"
        ]
      }
    }
  ]
}