{
  "experiment": "train_clean__test_B75",
  "model": "RandomForest",
  "mean_accuracy": 0.8040922152507243,
  "std_accuracy": 0.0015325903257140388,
  "mean_f1_macro": 0.36155872208614753,
  "std_f1_macro": 0.012737245253908954,
  "folds": [
    {
      "fold": 0,
      "accuracy": 0.8022257551669316,
      "f1_macro": 0.37951872128348685,
      "report": "              precision    recall  f1-score   support\n\n  background       0.80      0.98      0.88      2126\n      Piston       0.25      0.03      0.05        38\n   Turboprop       0.43      0.12      0.19       149\n    Turbofan       0.84      0.51      0.64       820\n  Turboshaft       0.50      0.08      0.14        12\n\n    accuracy                           0.80      3145\n   macro avg       0.56      0.34      0.38      3145\nweighted avg       0.79      0.80      0.77      3145\n",
      "confusion_matrix": [
        [
          2082,
          0,
          13,
          31,
          0
        ],
        [
          27,
          1,
          1,
          9,
          0
        ],
        [
          94,
          1,
          18,
          36,
          0
        ],
        [
          386,
          2,
          10,
          421,
          1
        ],
        [
          5,
          0,
          0,
          6,
          1
        ]
      ],
      "labels": [
        "background",
        "Piston",
        "Turboprop",
        "Turbofan",
        "Turboshaft"
      ]
    },
    {
      "fold": 1,
      "accuracy": 0.8040712468193384,
      "f1_macro": 0.3513808299167446,
      "report": "              precision    recall  f1-score   support\n\n  background       0.80      0.99      0.88      2125\n      Piston       0.20      0.03      0.05        38\n   Turboprop       0.55      0.11      0.19       150\n    Turbofan       0.87      0.51      0.64       819\n  Turboshaft       0.00      0.00      0.00        12\n\n    accuracy                           0.80      3144\n   macro avg       0.48      0.33      0.35      3144\nweighted avg       0.79      0.80      0.77      3144\n",
      "confusion_matrix": [
        [
          2094,
          2,
          3,
          26,
          0
        ],
        [
          31,
          1,
          0,
          6,
          0
        ],
        [
          104,
          2,
          17,
          27,
          0
        ],
        [
          392,
          0,
          11,
          416,
          0
        ],
        [
          10,
          0,
          0,
          2,
          0
        ]
      ],
      "labels": [
        "background",
        "Piston",
        "Turboprop",
        "Turbofan",
        "Turboshaft"
      ]
    },
    {
      "fold": 2,
      "accuracy": 0.8059796437659033,
      "f1_macro": 0.35377661505821123,
      "report": "              precision    recall  f1-score   support\n\n  background       0.80      0.98      0.88      2125\n      Piston       0.00      0.00      0.00        38\n   Turboprop       0.49      0.15      0.23       150\n    Turbofan       0.85      0.53      0.65       819\n  Turboshaft       0.00      0.00      0.00        12\n\n    accuracy                           0.81      3144\n   macro avg       0.43      0.33      0.35      3144\nweighted avg       0.79      0.81      0.78      3144\n",
      "confusion_matrix": [
        [
          2077,
          0,
          10,
          38,
          0
        ],
        [
          34,
          0,
          1,
          3,
          0
        ],
        [
          96,
          1,
          23,
          30,
          0
        ],
        [
          371,
          1,
          13,
          434,
          0
        ],
        [
          8,
          0,
          0,
          4,
          0
        ]
      ],
      "labels": [
        "background",
        "Piston",
        "Turboprop",
        "Turbofan",
        "Turboshaft"
      ]
    }
  ]
}