{
  "experiment": "train_clean__test_B50",
  "model": "RandomForest",
  "mean_accuracy": 0.8706665129431181,
  "std_accuracy": 0.001985226156386196,
  "mean_f1_macro": 0.4693618504828508,
  "std_f1_macro": 0.01189592976083815,
  "folds": [
    {
      "fold": 0,
      "accuracy": 0.873449920508744,
      "f1_macro": 0.4668124588621563,
      "report": "              precision    recall  f1-score   support\n\n  background       0.89      0.98      0.93      2126\n      Piston       0.40      0.05      0.09        38\n   Turboprop       0.54      0.26      0.35       149\n    Turbofan       0.87      0.76      0.81       820\n  Turboshaft       1.00      0.08      0.15        12\n\n    accuracy                           0.87      3145\n   macro avg       0.74      0.43      0.47      3145\nweighted avg       0.86      0.87      0.86      3145\n",
      "confusion_matrix": [
        [
          2082,
          0,
          13,
          31,
          0
        ],
        [
          24,
          2,
          1,
          11,
          0
        ],
        [
          61,
          3,
          38,
          47,
          0
        ],
        [
          177,
          0,
          19,
          624,
          0
        ],
        [
          6,
          0,
          0,
          5,
          1
        ]
      ],
      "labels": [
        "background",
        "Piston",
        "Turboprop",
        "Turbofan",
        "Turboshaft"
      ]
    },
    {
      "fold": 1,
      "accuracy": 0.8689567430025446,
      "f1_macro": 0.4850377673902246,
      "report": "              precision    recall  f1-score   support\n\n  background       0.87      0.99      0.93      2125\n      Piston       0.25      0.05      0.09        38\n   Turboprop       0.65      0.22      0.33       150\n    Turbofan       0.87      0.73      0.80       819\n  Turboshaft       1.00      0.17      0.29        12\n\n    accuracy                           0.87      3144\n   macro avg       0.73      0.43      0.49      3144\nweighted avg       0.86      0.87      0.85      3144\n",
      "confusion_matrix": [
        [
          2094,
          2,
          3,
          26,
          0
        ],
        [
          25,
          2,
          2,
          9,
          0
        ],
        [
          66,
          3,
          33,
          48,
          0
        ],
        [
          204,
          1,
          13,
          601,
          0
        ],
        [
          6,
          0,
          0,
          4,
          2
        ]
      ],
      "labels": [
        "background",
        "Piston",
        "Turboprop",
        "Turbofan",
        "Turboshaft"
      ]
    },
    {
      "fold": 2,
      "accuracy": 0.8695928753180662,
      "f1_macro": 0.45623532519617155,
      "report": "              precision    recall  f1-score   support\n\n  background       0.89      0.98      0.93      2125\n      Piston       0.67      0.05      0.10        38\n   Turboprop       0.49      0.21      0.30       150\n    Turbofan       0.85      0.76      0.80       819\n  Turboshaft       1.00      0.08      0.15        12\n\n    accuracy                           0.87      3144\n   macro avg       0.78      0.42      0.46      3144\nweighted avg       0.86      0.87      0.85      3144\n",
      "confusion_matrix": [
        [
          2077,
          0,
          10,
          38,
          0
        ],
        [
          24,
          2,
          6,
          6,
          0
        ],
        [
          58,
          0,
          32,
          60,
          0
        ],
        [
          179,
          1,
          17,
          622,
          0
        ],
        [
          6,
          0,
          0,
          5,
          1
        ]
      ],
      "labels": [
        "background",
        "Piston",
        "Turboprop",
        "Turbofan",
        "Turboshaft"
      ]
    }
  ]
}