{
  "experiment": "train_clean__test_B25",
  "model": "RandomForest",
  "mean_accuracy": 0.9015159299398187,
  "std_accuracy": 0.0018253423367078473,
  "mean_f1_macro": 0.5049378096457859,
  "std_f1_macro": 0.027627236512551296,
  "folds": [
    {
      "fold": 0,
      "accuracy": 0.9017488076311606,
      "f1_macro": 0.5263925750532686,
      "report": "              precision    recall  f1-score   support\n\n  background       0.92      0.98      0.95      2126\n      Piston       0.67      0.05      0.10        38\n   Turboprop       0.62      0.34      0.44       149\n    Turbofan       0.87      0.85      0.86       820\n  Turboshaft       1.00      0.17      0.29        12\n\n    accuracy                           0.90      3145\n   macro avg       0.82      0.48      0.53      3145\nweighted avg       0.89      0.90      0.89      3145\n",
      "confusion_matrix": [
        [
          2082,
          0,
          13,
          31,
          0
        ],
        [
          26,
          2,
          0,
          10,
          0
        ],
        [
          40,
          1,
          50,
          58,
          0
        ],
        [
          103,
          0,
          17,
          700,
          0
        ],
        [
          4,
          0,
          0,
          6,
          2
        ]
      ],
      "labels": [
        "background",
        "Piston",
        "Turboprop",
        "Turbofan",
        "Turboshaft"
      ]
    },
    {
      "fold": 1,
      "accuracy": 0.8991730279898219,
      "f1_macro": 0.5224887945923014,
      "report": "              precision    recall  f1-score   support\n\n  background       0.92      0.99      0.95      2125\n      Piston       0.33      0.08      0.13        38\n   Turboprop       0.67      0.28      0.39       150\n    Turbofan       0.87      0.84      0.85       819\n  Turboshaft       1.00      0.17      0.29        12\n\n    accuracy                           0.90      3144\n   macro avg       0.76      0.47      0.52      3144\nweighted avg       0.89      0.90      0.89      3144\n",
      "confusion_matrix": [
        [
          2094,
          2,
          3,
          26,
          0
        ],
        [
          20,
          3,
          3,
          12,
          0
        ],
        [
          49,
          2,
          42,
          57,
          0
        ],
        [
          116,
          2,
          15,
          686,
          0
        ],
        [
          5,
          0,
          0,
          5,
          2
        ]
      ],
      "labels": [
        "background",
        "Piston",
        "Turboprop",
        "Turbofan",
        "Turboshaft"
      ]
    },
    {
      "fold": 2,
      "accuracy": 0.9036259541984732,
      "f1_macro": 0.46593205929178794,
      "report": "              precision    recall  f1-score   support\n\n  background       0.93      0.98      0.95      2125\n      Piston       0.60      0.08      0.14        38\n   Turboprop       0.56      0.27      0.37       150\n    Turbofan       0.86      0.88      0.87       819\n  Turboshaft       0.00      0.00      0.00        12\n\n    accuracy                           0.90      3144\n   macro avg       0.59      0.44      0.47      3144\nweighted avg       0.89      0.90      0.89      3144\n",
      "confusion_matrix": [
        [
          2077,
          0,
          10,
          38,
          0
        ],
        [
          24,
          3,
          4,
          7,
          0
        ],
        [
          38,
          1,
          41,
          70,
          0
        ],
        [
          81,
          1,
          17,
          720,
          0
        ],
        [
          5,
          0,
          1,
          6,
          0
        ]
      ],
      "labels": [
        "background",
        "Piston",
        "Turboprop",
        "Turbofan",
        "Turboshaft"
      ]
    }
  ]
}